{"cameraMode":{"drawMode":0,"name":"Shaded","section":"Shading Mode"},"sceneLighting":true,"audioPlay":false,"sceneViewState":{"showFog":true,"showMaterialUpdate":false,"showSkybox":true,"showFlares":true,"showImageEffects":true,"showParticleSystems":true},"in2DMode":false,"pivot":{"x":12.905143737792969,"y":0.6838110685348511,"z":4.1298723220825199},"rotation":{"x":-0.08431658893823624,"y":0.6690983772277832,"z":-0.07681762427091599,"w":-0.734386682510376},"size":20.32450294494629,"orthographic":true}