{"cameraMode":{"drawMode":0,"name":"Shaded","section":"Shading Mode"},"sceneLighting":true,"audioPlay":false,"sceneViewState":{"showFog":true,"showMaterialUpdate":false,"showSkybox":true,"showFlares":true,"showImageEffects":true,"showParticleSystems":true},"in2DMode":false,"pivot":{"x":2.7892091274261476,"y":0.6839802861213684,"z":5.8904290199279789},"rotation":{"x":-0.02430744096636772,"y":-0.0035872189328074457,"z":0.00008629046351416036,"w":-0.9997040033340454},"size":6.175782680511475,"orthographic":false}